text,sentiment
这款手机续航超强，拍照效果惊艳,Positive
客服响应迅速，问题完美解决,Positive
包装精致，物流速度令人惊喜,Positive
操作界面直观易用，新手也能快速上手,Positive
性价比极高，远超同价位产品,Positive
材质手感一流，细节处理到位,Positive
功能丰富实用，日常生活好帮手,Positive
教程清晰易懂，学习曲线平缓,Positive
售后保障完善，购买无后顾之忧,Positive
设计简约时尚，彰显个人品味,Positive
节能效果显著，电费大幅降低,Positive
孩子爱不释手，教育意义突出,Positive
性能稳定流畅，从未出现卡顿,Positive
安全性能可靠，使用安心,Positive
创新功能解决了我多年的痛点,Positive
社区氛围友好，用户互助积极,Positive
软件更新及时，持续优化体验,Positive
配件齐全，开箱即用很方便,Positive
降噪效果出众，沉浸式体验,Positive
色彩还原真实，视觉效果震撼,Positive
屏幕严重漏光，品控令人失望,Negative
虚假宣传，实际功能缩水严重,Negative
刺鼻的化学气味，担心有害健康,Negative
三天就出现故障，质量堪忧,Negative
客服推诿责任，处理态度恶劣,Negative
设计反人类，基本操作都困难,Negative
预装大量垃圾软件，无法卸载,Negative
电池续航崩盘，半天就没电,Negative
配件缺失，客服拒绝补发,Negative
接口松动，接触不良频繁断开,Negative
说明书模糊，安装过程崩溃,Negative
虚假促销，付款后涨价,Negative
隐私泄露，收到大量骚扰电话,Negative
做工粗糙，边缘割手,Negative
兼容性差，常用设备无法连接,Negative
系统频繁崩溃，数据丢失,Negative
维修费天价，不如买新的,Negative
自动续费陷阱，扣款不提醒,Negative
信号接收极差，经常断连,Negative
材质廉价，像地摊货,Negative
味道普通，没有宣传的特别,Neutral
中规中矩，没太多亮点,Neutral
普通水平，符合基础预期,Neutral
效果尚可，但价格略高,Neutral
无功无过，能用但不惊艳,Neutral
外观大众化，缺乏辨识度,Neutral
表现稳定但不够出彩,Neutral
常规升级，变化不明显,Neutral
功能齐全但无突破,Neutral
发货速度正常，包装普通,Neutral
音质一般，对得起价格,Neutral
温度控制中等，无明显优缺点,Neutral
设计普通，不丑也不美,Neutral
清洁能力尚可，日常够用,Neutral
操作逻辑常规，需要适应,Neutral
配件质量一般，能用就行,Neutral
售后服务流程标准,Neutral
节能效果普通，符合标注,Neutral
尺寸合适但重量略沉,Neutral
界面传统无创新,Neutral